{
  "k_values": [
    5,
    10,
    15,
    20
  ],
  "results": {
    "5": {
      "no_canon": 0.040535062829347386,
      "canon": 0.04051863857374392
    },
    "10": {
      "no_canon": 0.040535062829347386,
      "canon": 0.04051863857374392
    },
    "15": {
      "no_canon": 0.040535062829347386,
      "canon": 0.04051863857374392
    },
    "20": {
      "no_canon": 0.040535062829347386,
      "canon": 0.04051863857374392
    }
  },
  "config": {
    "variant": 40,
    "n_points": 512,
    "n_eigs": 20,
    "n_neighbors": 12,
    "epochs": 100,
    "batch_size": 16,
    "lr": 0.001,
    "d_model": 128,
    "nhead": 8,
    "num_layers": 6,
    "dim_feedforward": 512,
    "seed": 42
  }
}