{
  "dataset": "ModelNet40",
  "n_shapes": 12305,
  "n_errors": 6,
  "n_points": 512,
  "n_eigs": 20,
  "n_neighbors": 12,
  "threshold": 0.22097086912079608,
  "multiplicity_distribution": {
    "avg_multiplicity_1": 18.956684274685088,
    "avg_multiplicity_2": 0.23323852092645267,
    "avg_multiplicity_3plus": 0.8017066233238521
  },
  "uncanonicalizable_eigenvectors": {
    "avg_count": 10.40723283218204,
    "std_count": 4.45770549263592,
    "max_count": 20,
    "min_count": 0
  },
  "first_10_eigenvectors": {
    "avg_simple_spectrum_count": 9.748882568061763
  },
  "per_eigenvector_index": {
    "avg_uncanonicalizability_score": [
      1.9420297531767878,
      0.45965233238829456,
      0.4055722908291744,
      0.3553432929537412,
      0.3488154425191257,
      0.3229755062330748,
      0.3127045006942453,
      0.3027364556740558,
      0.2976576732320251,
      0.28703879097061286,
      0.2855827106727166,
      0.2777582485392728,
      0.2789274788494314,
      0.2777202273888688,
      0.27508807361965254,
      0.2755075380078844,
      0.27341594175929695,
      0.27400667109696253,
      0.2758277941134851,
      0.2746146981772051
    ],
    "std_uncanonicalizability_score": [
      0.2914696835835632,
      0.30630064681245167,
      0.25198316137279,
      0.21539923101325908,
      0.20202831641998084,
      0.18650121127535574,
      0.17447128968950734,
      0.17127896575400697,
      0.16558902202639628,
      0.1581803989412258,
      0.15860599337924683,
      0.15459277454991807,
      0.1550985769690036,
      0.15372377428934558,
      0.15437125697569504,
      0.1601149682772621,
      0.15732349668908324,
      0.1597901795135078,
      0.16365380106584998,
      0.16159291649863078
    ],
    "avg_uncanonicalizable_rate": [
      0.0073953677366924014,
      0.4043884599756197,
      0.4343762698090207,
      0.48541243396993095,
      0.49207639171068673,
      0.5268590004063389,
      0.5327102803738317,
      0.5505079236082893,
      0.5505891913856156,
      0.5683055668427468,
      0.5662738724095896,
      0.5807395367736692,
      0.5667723319515565,
      0.573611901471425,
      0.5802358682391215,
      0.5901732693402749,
      0.5914232240214826,
      0.5963541666666666,
      0.6000814000814001,
      0.6139379630383457
    ]
  }
}